id,first_name,last_name,email,gender,birthdate
1,Tana,Meyer,tmeyer0@people.com.cn,Female,1988-04-23
2,Benetta,Gorring,bgorring1@ask.com,Female,1996-10-04
3,Jacquelyn,Orring,jorring2@samsung.com,Female,1980-12-08
4,Goldy,Johananov,gjohananov3@gnu.org,Female,1999-06-17
5,Flemming,Penson,fpenson4@sourceforge.net,Male,1995-03-27
6,Alva,Brunskill,abrunskill5@ibm.com,Male,1996-02-12
7,Moss,Fortnon,mfortnon6@nymag.com,Male,1980-01-04
8,Pace,Brown,pbrown7@eepurl.com,Male,1999-05-15
9,Jimmie,Fri,jfri8@netscape.com,Male,1992-12-25
